,Sigma_t_1,Sigma_tr_1,D_1,Sigma_s-0_1-1,Sigma_s-0_1-2,Sigma_a_1,Sigma_f_1,v_f_1,Chi_1,Sigma_t_2,Sigma_tr_2,D_2,Sigma_s-0_2-2,Sigma_s-0_2-1,Sigma_a_2,Sigma_f_2,v_f_2,Chi_2
U_fuel,0.2,0.2,1.666666667,0.185,0.015,0,0,0,1,1,1,0.333333333,0.8,0,0.2,0.18,1.4,0
MOX,0.2,0.2,1.666666667,0.185,0.015,0,0,0,1,1.2,1.2,0.277777778,0.8,0,0.4,0.3,1.5,0
water,0.2,0.2,1.666666667,0.17,0.03,0,0,0,0,1.1,1.1,0.303030303,1.1,0,0,0,0,0
